{
		"parent":"item/generated",
		"textures":
		{
			"layer0":"item/prismarine_crystals/ring_of_luck"
		},

		"display": {
		
		"thirdperson_righthand": {
		"rotation": [ 0, 0, 0 ],
		"translation": [ 0, 2, 0.5 ],
		"scale": [ 0.5, 0.5, 0.5 ]
		
		},
		"thirdperson_lefthand": {
		"rotation": [ 0, 0, 0 ],
		"translation": [ 0, 2, 0.5 ],
		"scale": [ 0.5, 0.5, 0.5 ]
		},
		"firstperson_righthand": {
		"rotation": [ 0, -90, 25 ],
		"translation": [ 1.13,3.2,1.13],
		"scale": [ 0.5,0.5,0.5 ]
		},
		"firstperson_lefthand": {
		"rotation": [ 0, 90, -25 ],
		"translation": [ 1.13,3.2,1.13],
		"scale": [ 0.5,0.5,0.5 ]
		}
	}
}