{
		"parent":"item/handheld_rod",
		"textures":
		{
			"layer0":"item/fishing_rod/krakens_penis_cast"
		},

		"display": {
		
		"thirdperson_righthand": {
		
		"rotation": [ 80, -280, -25 ],
		"translation": [ 1, 7, 2.5 ],
		"scale": [ 1.2, 1.2, 1.2 ]
		
		},
		"thirdperson_lefthand": {
		"rotation": [ 80, 280, 25 ],
		"translation": [ -1, 7, 2.5 ],
		"scale": [ 1.2, 1.2, 1.2 ]
		},
		"firstperson_righthand": {
		"rotation": [ 0, 90, 10 ],
		"translation": [ 0, 2, 0],
		"scale": [ 1.2, 1.3, 1.2 ]
		},
		"firstperson_lefthand": {
		"rotation": [ 0, -90, -10 ],
		"translation": [ 0, 2, 0],
		"scale": [ 1.2, 1.3, 1.2 ]
		}
		
		}
}