{
		"parent":"item/handheld_rod",
		"textures":
		{
			"layer0":"item/fishing_rod/krakens_penis"
		},

		"display": {
		
		"thirdperson_righthand": {
		
		"rotation": [ 80, -280, -25 ],
		"translation": [ 1, 7, 2.5 ],
		"scale": [ 1.2, 1.2, 1.2 ]
		
		},
		"thirdperson_lefthand": {
		"rotation": [ 80, 280, 25 ],
		"translation": [ -1, 7, 2.5 ],
		"scale": [ 1.2, 1.2, 1.2 ]
		},
		"firstperson_righthand": {
		"rotation": [ 0, 75, 10 ],
		"translation": [ 2.5, 4.5, -1.5],
		"scale": [ 1.2, 1.3, 1.2 ]
		},
		"firstperson_lefthand": {
		"rotation": [ 0, -75, -10 ],
		"translation": [ 2.5, 4.5, -1.5],
		"scale": [ 1.2, 1.3, 1.2 ]
		},
		"ground": {
		"rotation": [ 0,0,0 ],
		"translation": [ 0,2,0],
		"scale": [ 1,1,1 ]
		}
		
		}
}