{
		"parent":"item/handheld",
		"textures":
		{
			"layer0":"item/netherite_pickaxe/ghost_anchor"
		},
		"display": {
			"thirdperson_righthand": {
				"rotation": [ -45, 90, 0 ],
				"translation": [ 2.5, -2, 6.5 ],
				"scale": [ 1.5, 1.5, 1.75 ]
			},
			"thirdperson_lefthand": {
				"rotation": [ -45, -90, 0 ],
				"translation": [ 2.5, -2, 6.5 ],
				"scale": [ 1.5, 1.5, 1.75 ]
			},
			"firstperson_righthand": {
				"rotation": [ -45, -90, 25 ],
				"translation": [ 1.13, 3.2, 1.13 ],
				"scale": [ 1,1,1 ]
			},
			"firstperson_lefthand": {
				"rotation": [ -45, 90, -25 ],
				"translation": [ 1.13, 3.2, 1.13 ],
				"scale": [ 1,1,1 ]
			},
			"head": {
				"rotation": [ 0,0,-95 ],
				"translation": [ -10,13,1],
				"scale": [ 2,2,2 ]
			},
			"ground": {
				"rotation": [ 0,0,0 ],
				"translation": [ 0,2,0],
				"scale": [ 1,1,1 ]
			}
		}
}