{
    "parent": "item/handheld_rod",
    "textures": {
        "layer0": "item/fishing_rod"
    },
    
    "overrides": [
        {"predicate":{"cast":1},"model":"item/fishing_rod_cast"},

        {"predicate":{"custom_model_data":1},"model":"item/fishing_rod/krakens_penis"},
        {"predicate":{"custom_model_data":1,"cast":1},"model":"item/fishing_rod/krakens_penis_cast"},

        {"predicate":{"custom_model_data":2},"model":"item/fishing_rod/mr_fisher"},
        {"predicate":{"custom_model_data":2,"cast":1},"model":"item/fishing_rod/mr_fisher_cast"}
    ]
}