{
		"parent":"item/generated",
		"textures":
		{
			"layer0":"item/firework_star/big_balloon"
		},

		"display": {
		
		"thirdperson_righthand": {
		"rotation": [ 0, 0, 0 ],
		"translation": [ 0, 4, 1 ],
		"scale": [ 0.7, 0.7, 0.7 ]
		
		},
		"thirdperson_lefthand": {
		"rotation": [ 0, 0, 0 ],
		"translation": [ 0, 4, 1 ],
		"scale": [ 0.7, 0.7, 0.7 ]
		},
		"firstperson_righthand": {
		"rotation": [ 0, -90, 25 ],
		"translation": [ 1.13,3.2,1.13],
		"scale": [ 0.8,0.8,0.8 ]
		},
		"firstperson_lefthand": {
		"rotation": [ 0, 90, -25 ],
		"translation": [ 1.13,3.2,1.13],
		"scale": [ 0.8,0.8,0.8 ]
		}
	}
}