{
	"credit": "Made with Blockbench",
	"texture_size": [32, 32],
	"textures": {
		"0": "item/spruce_sign/captain",
		"particle": "item/spruce_sign/captain"
	},
	"elements": [
		{
			"from": [4.75, 4, 4.75],
			"to": [11.25, 8, 11.25],
			"rotation": {"angle": 45, "axis": "y", "origin": [8, 14, 8]},
			"faces": {
				"north": {"uv": [4.5, 2.5, 8.5, 5.5], "texture": "#0"},
				"east": {"uv": [4.5, 2.5, 8.5, 5.5], "texture": "#0"},
				"south": {"uv": [4.5, 2.5, 8.5, 5.5], "texture": "#0"},
				"west": {"uv": [4.5, 2.5, 8.5, 5.5], "texture": "#0"},
				"up": {"uv": [8.5, 6.5, 4.5, 2.5], "rotation": 90, "texture": "#0"},
				"down": {"uv": [8.5, 2.5, 4.5, 6.5], "rotation": 270, "texture": "#0"}
			}
		},
		{
			"from": [3.25, 5, 3.25],
			"to": [12.75, 5, 12.75],
			"rotation": {"angle": 0, "axis": "y", "origin": [8, 14, 8]},
			"faces": {
				"north": {"uv": [4, 9, 8, 9], "texture": "#0"},
				"east": {"uv": [9, 6, 9, 6.5], "texture": "#0"},
				"south": {"uv": [9, 8, 9, 9], "texture": "#0"},
				"west": {"uv": [8, 9, 8, 9], "texture": "#0"},
				"up": {"uv": [0, 2.5, 4.5, 7], "texture": "#0"},
				"down": {"uv": [0, 2.5, 4.5, 7], "texture": "#0"}
			}
		},
		{
			"from": [3.25, 6, 3.25],
			"to": [12.75, 6, 12.75],
			"rotation": {"angle": 0, "axis": "y", "origin": [8, 14, 8]},
			"faces": {
				"north": {"uv": [4, 9, 8, 9], "texture": "#0"},
				"east": {"uv": [9, 6, 9, 6.5], "texture": "#0"},
				"south": {"uv": [9, 8, 9, 9], "texture": "#0"},
				"west": {"uv": [8, 9, 8, 9], "texture": "#0"},
				"up": {"uv": [0, 2.5, 4.5, 7], "texture": "#0"},
				"down": {"uv": [0, 2.5, 4.5, 7], "texture": "#0"}
			}
		},
		{
			"from": [3.25, 5, 3.25],
			"to": [3.25, 10.25, 12.75],
			"rotation": {"angle": 0, "axis": "y", "origin": [8, 14, 8]},
			"faces": {
				"north": {"uv": [0, 0, 0, 4.5], "texture": "#0"},
				"east": {"uv": [4.5, 0, 9, 2.5], "texture": "#0"},
				"south": {"uv": [0, 0, 0, 0], "texture": "#0"},
				"west": {"uv": [9, 0, 4.5, 2.5], "texture": "#0"},
				"up": {"uv": [0, 0, 0, 4.5], "texture": "#0"},
				"down": {"uv": [0, 0, 0, 4.5], "texture": "#0"}
			}
		},
		{
			"from": [12.75, 5, 3.25],
			"to": [12.75, 10.25, 12.75],
			"rotation": {"angle": 0, "axis": "y", "origin": [8, 14, 8]},
			"faces": {
				"north": {"uv": [0, 0, 0, 4.5], "texture": "#0"},
				"east": {"uv": [4.5, 0, 0, 2.5], "texture": "#0"},
				"south": {"uv": [0, 0, 0, 4.5], "texture": "#0"},
				"west": {"uv": [0, 0, 4.5, 2.5], "texture": "#0"},
				"up": {"uv": [0, 4.5, 0, 0], "texture": "#0"},
				"down": {"uv": [0, 0, 0, 4.5], "texture": "#0"}
			}
		},
		{
			"from": [3.25, 5, 3.25],
			"to": [12.75, 10.25, 3.25],
			"rotation": {"angle": 0, "axis": "y", "origin": [3.5, 5, 3.5]},
			"faces": {
				"north": {"uv": [0, 0, 4.5, 2.5], "texture": "#0"},
				"east": {"uv": [0, 0, 0, 4.5], "texture": "#0"},
				"south": {"uv": [4.5, 0, 0, 2.5], "texture": "#0"},
				"west": {"uv": [0, 0, 0, 4.5], "texture": "#0"},
				"up": {"uv": [4.5, 0, 0, 0], "texture": "#0"},
				"down": {"uv": [4.5, 0, 0, 0], "texture": "#0"}
			}
		},
		{
			"from": [3.25, 5, 12.75],
			"to": [12.75, 10.25, 12.75],
			"rotation": {"angle": 0, "axis": "y", "origin": [3.5, 5, 3.5]},
			"faces": {
				"north": {"uv": [9, 0, 4.5, 2.5], "texture": "#0"},
				"east": {"uv": [0, 0, 0, 4.5], "texture": "#0"},
				"south": {"uv": [4.5, 0, 9, 2.5], "texture": "#0"},
				"west": {"uv": [0, 0, 0, 4.5], "texture": "#0"},
				"up": {"uv": [0, 0, 0, 4.5], "rotation": 270, "texture": "#0"},
				"down": {"uv": [0, 0, 0, 4.5], "rotation": 90, "texture": "#0"}
			}
		}
	],
	"display": {
		"thirdperson_righthand": {
			"rotation": [45, 45, 0],
			"translation": [0, 3, 0],
			"scale": [0.5, 0.5, 0.5]
		},
		"thirdperson_lefthand": {
			"rotation": [45, 45, 0],
			"translation": [0, 3, 0],
			"scale": [0.5, 0.5, 0.5]
		},
		"firstperson_righthand": {
			"rotation": [0, 159, 0],
			"translation": [1.5, 3.75, 0.5],
			"scale": [0.7, 0.7, 0.7]
		},
		"firstperson_lefthand": {
			"rotation": [0, 70, 0],
			"translation": [1.5, 3.75, 0.5],
			"scale": [0.7, 0.7, 0.7]
		},
		"ground": {
			"scale": [0.5, 0.5, 0.5]
		},
		"gui": {
			"rotation": [20, -112, 0],
			"scale": [1.1, 1.1, 1.1]
		},
		"head": {
			"rotation": [0, 45, 0],
			"translation": [0, 9, 0],
			"scale": [2.2, 2.1, 2.2]
		},
		"fixed": {
			"rotation": [-90, 45, 0],
			"translation": [0, 0, -5.25],
			"scale": [2, 2, 2]
		}
	}
}