{
	"credit": "Made with Blockbench",
	"texture_size": [16, 8],
	"textures": {
		"1": "item/spruce_sign/cat_ears"
	},
	"elements": [
		{
			"name": "head",
			"from": [4, 0, 4],
			"to": [12, 8, 4],
			"faces": {
				"north": {"uv": [0, 0, 8, 16], "texture": "#1"},
				"east": {"uv": [0, 0, 0, 16], "texture": "#1"},
				"south": {"uv": [8, 0, 16, 16], "texture": "#1"},
				"west": {"uv": [8, 0, 8, 16], "texture": "#1"},
				"up": {"uv": [8, 0, 0, 0], "texture": "#1"},
				"down": {"uv": [16, 0, 8, 0], "texture": "#1"}
			}
		}
	],
	"display": {
		"thirdperson_righthand": {
			"rotation": [45, 45, 0],
			"translation": [0, 3, 0],
			"scale": [0.5, 0.5, 0.5]
		},
		"thirdperson_lefthand": {
			"rotation": [45, 45, 0],
			"translation": [0, 3, 0],
			"scale": [0.5, 0.5, 0.5]
		},
		"firstperson_righthand": {
			"rotation": [0, 120, 0],
			"translation": [1.5, 6.5, 0.5],
			"scale": [0.7, 0.7, 0.7]
		},
		"firstperson_lefthand": {
			"rotation": [0, 120, 0],
			"translation": [1.5, 6.5, 0.5],
			"scale": [0.7, 0.7, 0.7]
		},
		"ground": {
			"translation": [0, 3, 0],
			"scale": [0.5, 0.5, 0.5]
		},
		"gui": {
			"rotation": [30, -140.5, 0],
			"translation": [0, 3, 0]
		},
		"head": {
			"translation": [0, 8.75, 0.75],
			"scale": [2, 2, 2]
		}
	}
}