{
	"credit": "Made with Blockbench",
	"textures": {
		"0": "item/spruce_sign/cup",
		"particle": "item/spruce_sign/cup"
	},
	"elements": [
		{
			"from": [5, 0, 6],
			"to": [9, 1, 10],
			"faces": {
				"north": {"uv": [4, 9, 8, 10], "texture": "#0"},
				"east": {"uv": [10, 0, 14, 1], "texture": "#0"},
				"south": {"uv": [10, 1, 14, 2], "texture": "#0"},
				"west": {"uv": [10, 2, 14, 3], "texture": "#0"},
				"up": {"uv": [4, 9, 0, 5], "texture": "#0"},
				"down": {"uv": [8, 5, 4, 9], "texture": "#0"}
			}
		},
		{
			"from": [5, 1, 6],
			"to": [9, 6, 7],
			"faces": {
				"north": {"uv": [0, 0, 4, 5], "texture": "#0"},
				"east": {"uv": [0, 9, 1, 14], "texture": "#0"},
				"south": {"uv": [4, 0, 8, 5], "texture": "#0"},
				"west": {"uv": [1, 9, 2, 14], "texture": "#0"},
				"up": {"uv": [14, 4, 10, 3], "texture": "#0"},
				"down": {"uv": [8, 10, 4, 11], "texture": "#0"}
			}
		},
		{
			"from": [5, 1, 9],
			"to": [9, 6, 10],
			"faces": {
				"north": {"uv": [0, 0, 4, 5], "texture": "#0"},
				"east": {"uv": [0, 9, 1, 14], "texture": "#0"},
				"south": {"uv": [4, 0, 8, 5], "texture": "#0"},
				"west": {"uv": [1, 9, 2, 14], "texture": "#0"},
				"up": {"uv": [14, 4, 10, 3], "texture": "#0"},
				"down": {"uv": [8, 10, 4, 11], "texture": "#0"}
			}
		},
		{
			"from": [8, 1, 7],
			"to": [9, 6, 9],
			"faces": {
				"north": {"uv": [2, 9, 3, 14], "texture": "#0"},
				"east": {"uv": [8, 0, 10, 5], "texture": "#0"},
				"south": {"uv": [3, 9, 4, 14], "texture": "#0"},
				"west": {"uv": [8, 5, 10, 10], "texture": "#0"},
				"up": {"uv": [11, 6, 10, 4], "texture": "#0"},
				"down": {"uv": [11, 6, 10, 8], "texture": "#0"}
			}
		},
		{
			"from": [5, 1, 7],
			"to": [6, 6, 9],
			"faces": {
				"north": {"uv": [2, 9, 3, 14], "texture": "#0"},
				"east": {"uv": [8, 0, 10, 5], "texture": "#0"},
				"south": {"uv": [3, 9, 4, 14], "texture": "#0"},
				"west": {"uv": [8, 5, 10, 10], "texture": "#0"},
				"up": {"uv": [11, 6, 10, 4], "texture": "#0"},
				"down": {"uv": [11, 6, 10, 8], "texture": "#0"}
			}
		},
		{
			"from": [10, 2, 7.5],
			"to": [11, 4, 8.5],
			"faces": {
				"north": {"uv": [8, 10, 9, 12], "texture": "#0"},
				"east": {"uv": [10, 8, 11, 10], "texture": "#0"},
				"south": {"uv": [9, 10, 10, 12], "texture": "#0"},
				"west": {"uv": [10, 10, 11, 12], "texture": "#0"},
				"up": {"uv": [12, 7, 11, 6], "texture": "#0"},
				"down": {"uv": [12, 7, 11, 8], "texture": "#0"}
			}
		},
		{
			"from": [9, 1, 7.5],
			"to": [11, 2, 8.5],
			"faces": {
				"north": {"uv": [4, 11, 6, 12], "texture": "#0"},
				"east": {"uv": [11, 8, 12, 9], "texture": "#0"},
				"south": {"uv": [11, 4, 13, 5], "texture": "#0"},
				"west": {"uv": [11, 9, 12, 10], "texture": "#0"},
				"up": {"uv": [13, 6, 11, 5], "texture": "#0"},
				"down": {"uv": [8, 11, 6, 12], "texture": "#0"}
			}
		},
		{
			"from": [9, 4, 7.5],
			"to": [11, 5, 8.5],
			"faces": {
				"north": {"uv": [4, 11, 6, 12], "texture": "#0"},
				"east": {"uv": [11, 8, 12, 9], "texture": "#0"},
				"south": {"uv": [11, 4, 13, 5], "texture": "#0"},
				"west": {"uv": [11, 9, 12, 10], "texture": "#0"},
				"up": {"uv": [13, 6, 11, 5], "texture": "#0"},
				"down": {"uv": [8, 11, 6, 12], "texture": "#0"}
			}
		}
	],
	"display": {
		"thirdperson_righthand": {
			"rotation": [58, -34, 1],
			"translation": [-1.75, 3.25, 4]
		},
		"thirdperson_lefthand": {
			"rotation": [58, 159, 1],
			"translation": [-1.75, 3.25, 4]
		},
		"firstperson_righthand": {
			"rotation": [-3, -57, 1],
			"translation": [0, 7.25, 1]
		},
		"firstperson_lefthand": {
			"rotation": [-3, 119, 1],
			"translation": [0, 7.25, 1]
		},
		"ground": {
			"translation": [0, 3, 0],
			"scale": [0.5, 0.5, 0.5]
		},
		"gui": {
			"rotation": [32, -165, 0],
			"translation": [-0.5, 4.75, 0],
			"scale": [1.25, 1.25, 1.25]
		},
		"head": {
			"rotation": [-180, 90, 0],
			"translation": [0, 4, 0.75]
		},
		"fixed": {
			"rotation": [-90, 24, 0],
			"translation": [-2.25, 2.5, -15],
			"scale": [2, 2, 2]
		}
	}
}