{
	"credit": "Made with Blockbench",
	"texture_size": [32, 16],
	"textures": {
		"0": "item/spruce_sign/marina",
		"particle": "item/spruce_sign/marina"
	},
	"elements": [
		{
			"from": [4, 0, 4],
			"to": [12, 8, 4],
			"faces": {
				"north": {"uv": [4, 8, 8, 16], "texture": "#0"},
				"east": {"uv": [4, 8, 4, 16], "texture": "#0"},
				"south": {"uv": [4, 8, 8, 16], "texture": "#0"},
				"west": {"uv": [8, 8, 8, 16], "texture": "#0"},
				"up": {"uv": [8, 8, 4, 8], "texture": "#0"},
				"down": {"uv": [12, 8, 8, 8], "texture": "#0"}
			}
		},
		{
			"from": [4, 0, 4],
			"to": [12, 0, 12],
			"faces": {
				"north": {"uv": [8, 16, 12, 16], "texture": "#0"},
				"east": {"uv": [4, 16, 8, 16], "texture": "#0"},
				"south": {"uv": [16, 16, 20, 16], "texture": "#0"},
				"west": {"uv": [12, 16, 16, 16], "texture": "#0"},
				"up": {"uv": [12, 8, 8, 0], "texture": "#0"},
				"down": {"uv": [12, 0, 8, 8], "texture": "#0"}
			}
		},
		{
			"from": [4, 8, 4],
			"to": [12, 8, 12],
			"faces": {
				"north": {"uv": [8, 8, 12, 8], "texture": "#0"},
				"east": {"uv": [4, 8, 8, 8], "texture": "#0"},
				"south": {"uv": [16, 8, 20, 8], "texture": "#0"},
				"west": {"uv": [12, 8, 16, 8], "texture": "#0"},
				"up": {"uv": [8, 8, 4, 0], "texture": "#0"},
				"down": {"uv": [8, 0, 4, 8], "texture": "#0"}
			}
		},
		{
			"from": [4, 0, 12],
			"to": [12, 8, 12],
			"faces": {
				"north": {"uv": [12, 8, 16, 16], "texture": "#0"},
				"east": {"uv": [4, 4, 4, 12], "texture": "#0"},
				"south": {"uv": [12, 8, 16, 16], "texture": "#0"},
				"west": {"uv": [8, 4, 8, 12], "texture": "#0"},
				"up": {"uv": [12, 0, 8, 0], "texture": "#0"},
				"down": {"uv": [12, 4, 8, 4], "texture": "#0"}
			}
		},
		{
			"from": [12, 0, 4],
			"to": [12, 8, 12],
			"faces": {
				"north": {"uv": [4, 12, 4, 20], "texture": "#missing"},
				"east": {"uv": [0, 8, 4, 16], "texture": "#0"},
				"south": {"uv": [8, 12, 8, 20], "texture": "#missing"},
				"west": {"uv": [4, 8, 0, 16], "texture": "#0"},
				"up": {"uv": [4, 12, 4, 4], "texture": "#missing"},
				"down": {"uv": [4, 4, 4, 12], "texture": "#missing"}
			}
		},
		{
			"from": [4, 0, 4],
			"to": [4, 8, 12],
			"faces": {
				"north": {"uv": [12, 12, 12, 20], "texture": "#missing"},
				"east": {"uv": [12, 8, 8, 16], "texture": "#0"},
				"south": {"uv": [16, 12, 16, 20], "texture": "#missing"},
				"west": {"uv": [8, 8, 12, 16], "texture": "#0"},
				"up": {"uv": [12, 12, 12, 4], "texture": "#missing"},
				"down": {"uv": [12, 4, 12, 12], "texture": "#missing"}
			}
		}
	],
	"display": {
		"thirdperson_righthand": {
			"rotation": [45, 45, 0],
			"translation": [0, 3, 0],
			"scale": [0.5, 0.5, 0.5]
		},
		"thirdperson_lefthand": {
			"rotation": [45, 45, 0],
			"translation": [0, 3, 0],
			"scale": [0.5, 0.5, 0.5]
		},
		"firstperson_righthand": {
			"rotation": [0, 120, 0],
			"translation": [1.5, 6.5, 0.5],
			"scale": [0.7, 0.7, 0.7]
		},
		"firstperson_lefthand": {
			"rotation": [0, 120, 0],
			"translation": [1.5, 6.5, 0.5],
			"scale": [0.7, 0.7, 0.7]
		},
		"ground": {
			"translation": [0, 3, 0],
			"scale": [0.5, 0.5, 0.5]
		},
		"gui": {
			"rotation": [30, -140, 0],
			"translation": [0, 3, 0]
		},
		"head": {
			"translation": [0, 7.25, 0],
			"scale": [1.81, 1.81, 1.81]
		},
		"fixed": {
			"translation": [0, 8, 7],
			"scale": [2, 2, 2]
		}
	}
}