{
	"credit": "Made with Blockbench",
	"texture_size": [64, 64],
	"textures": {
		"0": "item/spruce_sign/moose",
		"particle": "item/spruce_sign/moose"
	},
	"elements": [
		{
			"from": [5, 0, 0],
			"to": [11, 1.5, 1],
			"faces": {
				"north": {"uv": [7.25, 3.5, 8.75, 3.75], "texture": "#0"},
				"east": {"uv": [2.75, 6.5, 3, 6.75], "texture": "#0"},
				"south": {"uv": [7.25, 3.75, 8.75, 4], "texture": "#0"},
				"west": {"uv": [2.75, 6.75, 3, 7], "texture": "#0"},
				"up": {"uv": [8.75, 4.25, 7.25, 4], "texture": "#0"},
				"down": {"uv": [8.75, 4.25, 7.25, 4.5], "texture": "#0"}
			}
		},
		{
			"from": [4, 0, 1],
			"to": [12, 1.5, 2],
			"faces": {
				"north": {"uv": [7.25, 2.5, 9.25, 2.75], "texture": "#0"},
				"east": {"uv": [5.25, 7.25, 5.5, 7.5], "texture": "#0"},
				"south": {"uv": [7.25, 2.75, 9.25, 3], "texture": "#0"},
				"west": {"uv": [7.5, 7.75, 7.75, 8], "texture": "#0"},
				"up": {"uv": [9.25, 3.25, 7.25, 3], "texture": "#0"},
				"down": {"uv": [9.25, 3.25, 7.25, 3.5], "texture": "#0"}
			}
		},
		{
			"from": [3, 0, 2],
			"to": [13, 1.5, 3],
			"faces": {
				"north": {"uv": [7, 5.75, 9.5, 6], "texture": "#0"},
				"east": {"uv": [7.75, 7.75, 8, 8], "texture": "#0"},
				"south": {"uv": [7.25, 1, 9.75, 1.25], "texture": "#0"},
				"west": {"uv": [2.75, 8, 3, 8.25], "texture": "#0"},
				"up": {"uv": [9.75, 1.5, 7.25, 1.25], "texture": "#0"},
				"down": {"uv": [9.75, 1.5, 7.25, 1.75], "texture": "#0"}
			}
		},
		{
			"from": [2, 0, 3],
			"to": [14, 1.5, 5],
			"faces": {
				"north": {"uv": [7, 5.25, 10, 5.5], "texture": "#0"},
				"east": {"uv": [3, 5.75, 3.5, 6], "texture": "#0"},
				"south": {"uv": [7, 5.5, 10, 5.75], "texture": "#0"},
				"west": {"uv": [5, 7.75, 5.5, 8], "texture": "#0"},
				"up": {"uv": [8.75, 0.5, 5.75, 0], "texture": "#0"},
				"down": {"uv": [8.75, 0.5, 5.75, 1], "texture": "#0"}
			}
		},
		{
			"from": [1, 0, 5],
			"to": [15, 1.5, 15],
			"faces": {
				"north": {"uv": [2, 7, 5.5, 7.25], "texture": "#0"},
				"east": {"uv": [7.25, 1.75, 9.75, 2], "texture": "#0"},
				"south": {"uv": [7, 5, 10.5, 5.25], "texture": "#0"},
				"west": {"uv": [2, 7.25, 4.5, 7.5], "texture": "#0"},
				"up": {"uv": [3.5, 2.5, 0, 0], "texture": "#0"},
				"down": {"uv": [3.5, 2.5, 0, 5], "texture": "#0"}
			}
		},
		{
			"from": [9, 0, 15],
			"to": [15, 1.5, 16],
			"faces": {
				"north": {"uv": [7.25, 4.5, 8.75, 4.75], "texture": "#0"},
				"east": {"uv": [3, 8, 3.25, 8.25], "texture": "#0"},
				"south": {"uv": [7.25, 4.75, 8.75, 5], "texture": "#0"},
				"west": {"uv": [3.25, 8, 3.5, 8.25], "texture": "#0"},
				"up": {"uv": [1.5, 7.75, 0, 7.5], "texture": "#0"},
				"down": {"uv": [3, 7.5, 1.5, 7.75], "texture": "#0"}
			}
		},
		{
			"from": [1, 0, 15],
			"to": [7, 1.5, 16],
			"faces": {
				"north": {"uv": [3, 7.5, 4.5, 7.75], "texture": "#0"},
				"east": {"uv": [3.5, 8, 3.75, 8.25], "texture": "#0"},
				"south": {"uv": [4.5, 7.5, 6, 7.75], "texture": "#0"},
				"west": {"uv": [3.75, 8, 4, 8.25], "texture": "#0"},
				"up": {"uv": [7.5, 7.75, 6, 7.5], "texture": "#0"},
				"down": {"uv": [9, 7.5, 7.5, 7.75], "texture": "#0"}
			}
		},
		{
			"from": [5, 1.5, 7],
			"to": [11, 6, 13],
			"rotation": {"angle": 0, "axis": "y", "origin": [8, 1.5, 12]},
			"faces": {
				"north": {"uv": [5.75, 1, 7.25, 2], "texture": "#0"},
				"east": {"uv": [5.75, 2, 7.25, 3], "texture": "#0"},
				"south": {"uv": [5.75, 3, 7.25, 4], "texture": "#0"},
				"west": {"uv": [5.75, 4, 7.25, 5], "texture": "#0"},
				"up": {"uv": [1.5, 6.5, 0, 5], "texture": "#0"},
				"down": {"uv": [3, 5, 1.5, 6.5], "texture": "#0"}
			}
		},
		{
			"from": [3.53073, 5.19552, 10],
			"to": [7.03073, 6.69552, 12],
			"rotation": {"angle": 22.5, "axis": "z", "origin": [8, 1.5, 12]},
			"faces": {
				"north": {"uv": [4.5, 7.25, 5.25, 7.5], "texture": "#0"},
				"east": {"uv": [5.5, 7.75, 6, 8], "texture": "#0"},
				"south": {"uv": [2.75, 7.75, 3.5, 8], "texture": "#0"},
				"west": {"uv": [6, 7.75, 6.5, 8], "texture": "#0"},
				"up": {"uv": [2.75, 7, 2, 6.5], "texture": "#0"},
				"down": {"uv": [0.75, 7.75, 0, 8.25], "texture": "#0"}
			}
		},
		{
			"from": [8.96927, 5.19552, 10],
			"to": [12.46927, 6.69552, 12],
			"rotation": {"angle": -22.5, "axis": "z", "origin": [8, 1.5, 12]},
			"faces": {
				"north": {"uv": [3.5, 7.75, 4.25, 8], "texture": "#0"},
				"east": {"uv": [6.5, 7.75, 7, 8], "texture": "#0"},
				"south": {"uv": [4.25, 7.75, 5, 8], "texture": "#0"},
				"west": {"uv": [7, 7.75, 7.5, 8], "texture": "#0"},
				"up": {"uv": [1.5, 8.25, 0.75, 7.75], "texture": "#0"},
				"down": {"uv": [2.25, 7.75, 1.5, 8.25], "texture": "#0"}
			}
		},
		{
			"from": [5.5, 2, 1],
			"to": [10.5, 6, 5],
			"rotation": {"angle": 0, "axis": "y", "origin": [8, 1.5, 12]},
			"faces": {
				"north": {"uv": [5.75, 5, 7, 6], "texture": "#0"},
				"east": {"uv": [0, 6.5, 1, 7.5], "texture": "#0"},
				"south": {"uv": [3, 6, 4.25, 7], "texture": "#0"},
				"west": {"uv": [1, 6.5, 2, 7.5], "texture": "#0"},
				"up": {"uv": [5.5, 7, 4.25, 6], "texture": "#0"},
				"down": {"uv": [6.75, 6, 5.5, 7], "texture": "#0"}
			}
		},
		{
			"from": [5.5, 2.5, 5],
			"to": [10.5, 6, 7],
			"rotation": {"angle": 0, "axis": "y", "origin": [8, 1.5, 12]},
			"faces": {
				"north": {"uv": [6.75, 6, 8, 6.75], "texture": "#0"},
				"east": {"uv": [3, 5, 3.5, 5.75], "texture": "#0"},
				"south": {"uv": [6.75, 6.75, 8, 7.5], "texture": "#0"},
				"west": {"uv": [2.25, 7.75, 2.75, 8.5], "texture": "#0"},
				"up": {"uv": [6.75, 7.5, 5.5, 7], "texture": "#0"},
				"down": {"uv": [8.5, 2, 7.25, 2.5], "texture": "#0"}
			}
		},
		{
			"from": [-3, 5, 11],
			"to": [6, 5, 17],
			"rotation": {"angle": -22.5, "axis": "z", "origin": [8, 6, 11]},
			"faces": {
				"north": {"uv": [0, 0, 2.25, 0], "texture": "#0"},
				"east": {"uv": [0, 0, 1.5, 0], "texture": "#0"},
				"south": {"uv": [0, 0, 2.25, 0], "texture": "#0"},
				"west": {"uv": [0, 0, 1.5, 0], "texture": "#0"},
				"up": {"uv": [5.75, 1.5, 3.5, 0], "texture": "#0"},
				"down": {"uv": [5.75, 1.5, 3.5, 3], "texture": "#0"}
			}
		},
		{
			"from": [10, 5, 11],
			"to": [19, 5, 17],
			"rotation": {"angle": 22.5, "axis": "z", "origin": [8, 6, 11]},
			"faces": {
				"north": {"uv": [0, 0, 2.25, 0], "texture": "#0"},
				"east": {"uv": [0, 0, 1.5, 0], "texture": "#0"},
				"south": {"uv": [0, 0, 2.25, 0], "texture": "#0"},
				"west": {"uv": [0, 0, 1.5, 0], "texture": "#0"},
				"up": {"uv": [5.75, 4.5, 3.5, 3], "texture": "#0"},
				"down": {"uv": [5.75, 4.5, 3.5, 6], "texture": "#0"}
			}
		}
	],
	"display": {
		"thirdperson_righthand": {
			"rotation": [-17, 23, 14],
			"translation": [-0.75, 4.25, 0],
			"scale": [0.6, 0.6, 0.6]
		},
		"thirdperson_lefthand": {
			"rotation": [-17, 23, 14],
			"translation": [-0.75, 4.25, 0],
			"scale": [0.6, 0.6, 0.6]
		},
		"firstperson_righthand": {
			"rotation": [-69, 14, 53],
			"translation": [-0.25, 5, -3.5]
		},
		"firstperson_lefthand": {
			"rotation": [-69, 14, 53],
			"translation": [-0.25, 5, -3.5]
		},
		"ground": {
			"rotation": [-27, 0, 0],
			"translation": [0, 1.25, 0],
			"scale": [0.5, 0.5, 0.5]
		},
		"gui": {
			"rotation": [-90, 25, 141],
			"translation": [-2.5, -0.25, 0],
			"scale": [0.8, 0.8, 0.8]
		},
		"head": {
			"translation": [0, 18.75, -1],
			"scale": [1.75, 1.75, 1.75]
		},
		"fixed": {
			"rotation": [-90, 0, 0],
			"translation": [0, 0, -15],
			"scale": [2.005, 2.005, 2.005]
		}
	},
	"groups": [
		{
			"name": "group",
			"origin": [0, 0, 0],
			"color": 0,
			"children": [0, 1, 2, 3, 4, 5, 6]
		},
		{
			"name": "group",
			"origin": [8, 8, 8],
			"color": 0,
			"children": [7, 8, 9, 10, 11]
		},
		{
			"name": "group",
			"origin": [8, 8, 8],
			"color": 0,
			"children": [12, 13]
		}
	]
}