{
	"credit": "Made with Blockbench",
	"texture_size": [64, 64],
	"textures": {
		"0": "item/spruce_sign/table",
		"particle": "item/spruce_sign/table"
	},
	"elements": [
		{
			"from": [0, 13, 0],
			"to": [16, 16, 16],
			"faces": {
				"north": {"uv": [7.5, 0, 11.5, 0.75], "texture": "#0"},
				"east": {"uv": [7.5, 0.75, 11.5, 1.5], "texture": "#0"},
				"south": {"uv": [7.5, 1.5, 11.5, 2.25], "texture": "#0"},
				"west": {"uv": [7.5, 2.25, 11.5, 3], "texture": "#0"},
				"up": {"uv": [4, 4, 0, 0], "texture": "#0"},
				"down": {"uv": [4, 4, 0, 8], "texture": "#0"}
			}
		},
		{
			"from": [1, 11, 1],
			"to": [15, 13, 15],
			"faces": {
				"north": {"uv": [7.5, 5.5, 11, 6], "texture": "#0"},
				"east": {"uv": [7.5, 6, 11, 6.5], "texture": "#0"},
				"south": {"uv": [7.5, 6.5, 11, 7], "texture": "#0"},
				"west": {"uv": [8.5, 3, 12, 3.5], "texture": "#0"},
				"up": {"uv": [7.5, 3.5, 4, 0], "texture": "#0"},
				"down": {"uv": [7.5, 3.5, 4, 7], "texture": "#0"}
			}
		},
		{
			"from": [2, 0, 2],
			"to": [14, 1, 14],
			"faces": {
				"north": {"uv": [8.5, 4.5, 11.5, 4.75], "texture": "#0"},
				"east": {"uv": [8.5, 4.75, 11.5, 5], "texture": "#0"},
				"south": {"uv": [8.5, 5, 11.5, 5.25], "texture": "#0"},
				"west": {"uv": [8.5, 5.25, 11.5, 5.5], "texture": "#0"},
				"up": {"uv": [7, 10, 4, 7], "texture": "#0"},
				"down": {"uv": [10, 7, 7, 10], "texture": "#0"}
			}
		},
		{
			"from": [6, 1, 6],
			"to": [10, 11, 10],
			"faces": {
				"north": {"uv": [7.5, 3, 8.5, 5.5], "texture": "#0"},
				"east": {"uv": [0, 8, 1, 10.5], "texture": "#0"},
				"south": {"uv": [1, 8, 2, 10.5], "texture": "#0"},
				"west": {"uv": [2, 8, 3, 10.5], "texture": "#0"},
				"up": {"uv": [4, 9, 3, 8], "texture": "#0"},
				"down": {"uv": [9.5, 3.5, 8.5, 4.5], "texture": "#0"}
			}
		}
	],
	"display": {
		"thirdperson_righthand": {
			"rotation": [75, 45, 0],
			"translation": [0, 2.5, 0],
			"scale": [0.375, 0.375, 0.375]
		},
		"thirdperson_lefthand": {
			"rotation": [75, 45, 0],
			"translation": [0, 2.5, 0],
			"scale": [0.375, 0.375, 0.375]
		},
		"firstperson_righthand": {
			"rotation": [0, 45, 0],
			"scale": [0.4, 0.4, 0.4]
		},
		"firstperson_lefthand": {
			"rotation": [0, 225, 0],
			"scale": [0.4, 0.4, 0.4]
		},
		"ground": {
			"translation": [0, 3, 0],
			"scale": [0.25, 0.25, 0.25]
		},
		"gui": {
			"rotation": [30, 225, 0],
			"scale": [0.625, 0.625, 0.625]
		},
		"head": {
			"translation": [0, 14.5, 0]
		},
		"fixed": {
			"rotation": [-90, 0, 0],
			"translation": [0, 0, 16],
			"scale": [2, 2, 2]
		}
	}
}