{
		"parent":"item/handheld",
		"textures":
		{
			"layer0":"item/netherite_axe/dungeon_hammer"
		},

		"display": {
		
		"thirdperson_righthand": {
		"rotation": [ 0, -90, 55 ],
		"translation": [ 0, 5, 0.5 ],
		"scale": [ 1, 1, 1 ]
		
		},
		"thirdperson_lefthand": {
		"rotation": [ 0, 90, -55 ],
		"translation": [ 0, 5, 0.5 ],
		"scale": [ 1, 1, 1 ]
		},
		"firstperson_righthand": {
		"rotation": [ 0, -90, 25 ],
		"translation": [ 1.13,3.2,1.13],
		"scale": [ 0.75,0.75,0.75 ]
		},
		"firstperson_lefthand": {
		"rotation": [ 0, 90, -25 ],
		"translation": [ 1.13,3.2,1.13],
		"scale": [ 0.75,0.75,0.75 ]
		}
	}
}